DICE_COUNT, MAX_VAL, PROBABILITY 
1,1,16.6666666667
1,2,33.3333333334
1,3,50.0000000001
1,4,66.6666666668
1,5,83.3333333335
1,7,86.11111111128
1,8,88.88888888906
1,9,91.66666666684
1,10,94.44444444462
1,11,97.2222222224
1,13,97.68518518536301
1,14,98.14814814832602
1,15,98.61111111128902
1,16,99.07407407425202
1,17,99.53703703721503
1,19,99.61419753104222
1,20,99.69135802486942
1,21,99.76851851869661
1,22,99.8456790125238
1,23,99.922839506351
1,25,99.9356995886555
1,26,99.94855967096
1,27,99.9614197532645
1,28,99.97427983556899
1,29,99.98713991787349
1,31,99.98928326492424
1,32,99.99142661197499
1,33,99.99356995902573
1,34,99.99571330607648
1,35,99.99785665312723
1,36,100.00000000017798
2,2,2.77777777778
2,3,8.33333333334
2,4,16.66666666667
2,5,27.777777777769998
2,6,41.66666666667
2,7,55.555555555569995
2,8,67.12962962966999
2,9,76.38888888893
2,10,83.33333333336999
2,11,87.962962963
2,12,90.27777777781
2,13,92.59259259262001
2,14,94.5216049383
2,15,96.06481481484
2,16,97.22222222225001
2,17,97.99382716052202
2,18,98.37962962965801
2,19,98.76543209879401
2,20,99.08693415640701
2,21,99.34413580249802
2,22,99.53703703706601
2,23,99.66563786011102
2,24,99.72993827163361
2,25,99.79423868315621
2,26,99.84782235942511
2,27,99.89068930044021
2,28,99.92283950620151
2,29,99.94427297670902
2,30,99.95498971196281
2,31,99.9657064472166
2,32,99.97463705992809
2,33,99.98178155009727
2,34,99.98713991772415
2,35,99.99071216280873
2,36,99.99249828535103
2,37,99.99464163240178
2,38,99.99642775494408
2,39,99.99785665297792
2,40,99.99892832650329
2,41,99.9996427755202
2,42,100.00000000002866
3,3,0.462962962963
3,4,1.851851851853
3,5,4.6296296296329995
3,6,9.259259259263
3,7,16.203703703703
3,8,25.462962962962997
3,9,36.188271604963
3,10,47.530864197563
3,11,58.641975308663
3,12,68.672839506163
3,13,76.774691358013
3,14,82.947530864183
3,15,87.51286008229299
3,16,90.79218106994298
3,17,93.10699588475299
3,18,94.77880658434299
3,19,96.129115226323
3,20,97.15792181068299
3,21,97.91881001370099
3,22,98.46536351164299
3,23,98.85116598077899
3,24,99.12980109737698
3,25,99.35485253770598
3,26,99.52632030176598
3,27,99.65313500226898
3,28,99.74422725192608
3,29,99.80852766344867
3,30,99.85496684954838
3,31,99.89247542293657
3,32,99.92105338361327
3,33,99.94218916703046
3,34,99.95737120863997
3,35,99.96808794389376
3,36,99.97582780824371
3,37,99.98207923714173
3,38,99.98690176800594
3,39,99.9905335505086
3,40,99.99321273432204
3,41,99.99517746911856
3,42,99.99666590457046
3,43,99.99791619035007
3,44,99.99880925162121
3,45,99.99940462580197
3,46,99.99976185031043
3,47,99.99994046256467
3,48,99.99999999998275
4,4,0.0771604938272
4,5,0.3858024691362
4,6,1.1574074074082001
4,7,2.7006172839482003
4,8,5.4012345678982
4,9,9.6450617283882
4,10,15.599279835388199
4,11,23.2124485596682
4,12,32.2145061728382
4,13,42.1167695473282
4,14,52.2119341564282
4,15,61.792695473298195
4,16,70.3467935528582
4,17,77.5570130315982
4,18,83.3011831276182
4,19,87.6521776406482
4,20,90.87791495203821
4,21,93.24631344311821
4,22,94.9806384316882
4,23,96.25950217196821
4,24,97.2168638546382
4,25,97.94202960681021
4,26,98.47965249204121
4,27,98.8743855738882
4,28,99.1634397386492
4,29,99.37658369536321
4,30,99.53614397580822
4,31,99.65700493450322
4,32,99.74660874870843
4,33,99.81239759568292
4,34,99.86057328980982
4,35,99.89609728259552
4,36,99.92269066266972
4,37,99.94283415578562
4,38,99.95776812481982
4,39,99.96874285555192
4,40,99.97680025279827
4,41,99.98277384041195
4,42,99.98728876128276
4,43,99.99076177733721
4,44,99.99340126953861
4,45,99.99538585014116
4,46,99.99686436269006
4,47,99.99795588202146
4,48,99.99874971426247
4,49,99.99930539683119
4,50,99.99965269843663
4,51,99.99985115649689
4,52,99.99995038552701
4,53,99.99999007713906
4,54,100.00000000004208
5,5,0.0128600823045
5,6,0.07716049382710001
5,7,0.2700617283951
5,8,0.7201646090531
5,9,1.6203703703701
5,10,3.2278806584401
5,11,5.8149005487001
5,12,9.619341563790101
5,13,14.7955246913601
5,14,21.3648834019201
5,15,29.1666666666701
5,16,37.8579389574801
5,17,46.9825245770501
5,18,56.0399519890301
5,19,64.5543981481501
5,20,72.1436328303601
5,21,78.5879629629601
5,22,83.8302326246001
5,23,87.9358734377401
5,24,91.0529549611401
5,25,93.3722350823101
5,26,95.0872104100001
5,27,96.3541666666701
5,28,97.2921786884651
5,29,97.9893122396261
5,30,98.50882582685911
5,31,98.89537251372111
5,32,99.18120173500311
5,33,99.39236111111411
5,34,99.54869644808011
5,35,99.66488537327311
5,36,99.75147097114521
5,37,99.8158954189555
5,38,99.8635336225026
5,39,99.8987268518545
5,40,99.924784395166
5,41,99.9441555556641
5,42,99.95860164863349
5,43,99.96936799840229
5,44,99.97735593532757
5,45,99.9832947927807
5,46,99.9877352918789
5,47,99.99107931019421
5,48,99.99360965046246
5,49,99.9955198092924
5,50,99.99694374587473
5,51,99.99798565069108
5,52,99.99872986841703
5,53,99.99924420555652
5,54,99.99958323807613
5,55,99.9997916190394
5,56,99.99990738624122
5,57,99.99996526984212
5,58,99.99999007709965
5,59,99.99999834618549
5,60,100.00000000000266
6,6,0.00214334705075
6,7,0.01500342935525
6,8,0.06001371742105
6,9,0.18004115226305
6,10,0.45010288065805
6,11,0.98808299039705
6,12,1.95508973479605
6,13,3.54545324645605
6,14,5.9663637402860505
6,15,9.407150205766051
6,16,13.99819958848605
6,17,19.76987597165605
6,18,26.631146643046048
6,19,34.36791504725605
6,20,42.66106062338605
6,21,51.12418552812605
6,22,59.361068244176046
6,23,67.02311718869605
6,24,73.84867533214604
6,25,79.68417582749605
6,26,84.48714864985605
6,27,88.31107824646605
6,28,91.27211219708606
6,29,93.51576987439606
6,30,95.19134300804606
6,31,96.43398815233606
6,32,97.35451105757106
6,33,98.03684294507106
6,34,98.54320868581206
6,35,98.91929497908106
6,36,99.19855716802206
6,37,99.40566469207006
6,38,99.55908517627606
6,39,99.67280715752605
6,40,99.75720144764955
6,41,99.81988277216395
6,42,99.86642780256246
6,43,99.90094958214385
6,44,99.92652834538495
6,45,99.94549873085575
6,46,99.95959338767675
6,47,99.97008520379555
6,48,99.97790582955056
6,49,99.98374049652206
6,50,99.98809913167041
6,51,99.99136376676161
6,52,99.99381224308001
6,53,99.99564467250303
6,54,99.99700548839675
6,55,99.99800108633237
6,56,99.99871305462354
6,57,99.99920699468461
6,58,99.99953693120979
6,59,99.99974696599023
6,60,99.99987265609505
6,61,99.99994211641614
6,62,99.99997684657669
6,63,99.99999228220359
6,64,99.99999807056368
6,65,99.99999972438084
6,66,100.00000000001704
7,7,0.000357224508459
7,8,0.002857796067669
7,9,0.012860082304569
7,10,0.042866941015169
7,11,0.117884087791569
7,12,0.282564586191569
7,13,0.608055650815569
7,14,1.196463953665569
7,15,2.180855624142569
7,16,3.718707133062569
7,17,5.976723251032569
7,18,9.107022081242569
7,19,13.219698232612568
7,20,18.356775199412567
7,21,24.472558013262567
7,22,31.425397233652568
7,23,38.985875342932566
7,24,46.861415545772566
7,25,54.73100366062256
7,26,62.28371379066256
7,27,69.25472846174256
7,28,75.45254391480256
7,29,80.77105124028256
7,30,85.18649335456256
7,31,88.74360463388255
7,32,91.53524002135255
7,33,93.67980042263255
7,34,95.30076120573256
7,35,96.51261062052255
7,36,97.41319813796954
7,37,98.08106716463155
7,38,98.57634658792055
7,39,98.94377560770455
7,40,99.21643630978055
7,41,99.41876843675355
7,42,99.56886640226756
7,43,99.68017817469055
7,44,99.76272565636945
7,45,99.82396618455425
7,46,99.86941478010915
7,47,99.90314677011365
7,48,99.92818050871895
7,49,99.94676017988365
7,50,99.96055866561335
7,51,99.97082046332766
7,52,99.97846463597864
7,53,99.98416777854585
7,54,99.98842768999711
7,55,99.99161096647147
7,56,99.99398773143984
7,57,99.9957567185987
7,58,99.99706392325253
7,59,99.99801803794082
7,60,99.99870175352203
7,61,99.99917961480507
7,62,99.99950311981904
7,63,99.99971375181123
7,64,99.9998446330644
7,65,99.99992148962338
7,66,99.99996361602182
7,67,99.99998484000882
7,68,99.99999448727564
7,69,99.99999834618237
7,70,99.9999996324846
7,71,99.99999995406016
7,72,99.99999999999952
8,8,0.0000595374180765
8,9,0.0005358367626885
8,10,0.0026791838134385
8,11,0.0098236739826185
8,12,0.029471021947818497
8,13,0.0765651196463185
8,14,0.1778481906973185
8,15,0.3767825502973185
8,16,0.7381151406033185
8,17,1.3507551726103184
8,18,2.327228366483318
8,19,3.797971282323318
8,20,5.899911712623318
8,21,8.759963586913319
8,22,12.475247318433318
8,23,17.093029001863318
8,24,22.59455435051332
8,25,28.88695326127332
8,26,35.80550416594332
8,27,43.12666059782332
8,28,50.59035567257332
8,29,57.928213452763316
8,30,64.89240943565332
8,31,71.27992240378332
8,32,76.94868923266331
8,33,81.82394360444331
8,34,85.89478893126332
8,35,89.20282514642332
8,36,91.82641837646332
8,37,93.86420250703333
8,38,95.42044626216332
8,39,96.59396402325332
8,40,97.47129322076432
8,41,98.12390573810532
8,42,98.60826537414432
8,43,98.96754341819432
8,44,99.23406191987132
8,45,99.43179176461332
8,46,99.57849019408832
8,47,99.68731993914332
8,48,99.76804966137003
8,49,99.82793534577863
8,50,99.87236567997753
8,51,99.90533784818483
8,52,99.92981356131372
8,53,99.94798853729192
8,54,99.96149203869732
8,55,99.97153323557701
8,56,99.97900836667498
8,57,99.98457987764606
8,58,99.98873592019123
8,59,99.99183580140355
8,60,99.99414417796939
8,61,99.9958565218902
8,62,99.99711796327914
8,63,99.99803719467567
8,64,99.9986967002111
8,65,99.99916015184641
8,66,99.9994773937935
8,67,99.99968770421013
8,68,99.99982190841075
8,69,99.99990380298685
8,70,99.99995123538204
8,71,99.99997706861875
8,72,99.99999014602489
8,73,99.99999621002117
8,74,99.99999873668628
8,75,99.9999996554736
8,76,99.9999999311098
8,77,99.99999999236229
8,78,100.00000000001886
9,9,0.00000992290301275
9,10,0.00009922903012755
9,11,0.00054575966570155
9,12,0.00218303866280155
9,13,0.00709487565411155
9,14,0.01985572892851155
9,15,0.04948717114171155
9,16,0.11219495673081156
9,17,0.23476761619581155
9,18,0.4582561993008115
9,19,0.8412157567238114
9,20,1.4614501171698113
9,21,2.4151273708238112
9,22,3.812324210263811
9,23,5.768512906573811
9,24,8.39222521145381
9,25,11.770112875463811
9,26,15.95160987195381
9,27,20.93587528084381
9,28,26.66365811599381
9,29,33.01617617501381
9,30,39.82204025016381
9,31,46.87168276435381
9,32,53.937177621433804
9,33,60.7943751325538
9,34,67.2439223003238
9,35,73.1279945101038
9,36,78.3404297923838
9,37,82.8294312825138
9,38,86.5934779663838
9,39,89.6721041379638
9,40,92.13377420776379
9,41,94.06319158934379
9,42,95.5500383546238
9,43,96.68034618757379
9,44,97.53090300610079
9,45,98.16650561571979
9,46,98.63947690594578
9,47,98.99067640149978
9,48,99.25124543500579
9,49,99.44454281620979
9,50,99.58794147080678
9,51,99.69432543082478
9,52,99.77324977808668
9,53,99.83180367262418
9,54,99.87524843898228
9,55,99.90748883520348
9,56,99.93142181683658
9,57,99.94919559795278
9,58,99.96240260286298
9,59,99.97222299600924
9,60,99.97953087336117
9,61,99.98497289657318
9,62,99.98902677762538
9,63,99.99204504372608
9,64,99.99428792989768
9,65,99.995948059901
9,66,99.9971687849748
9,67,99.99805765427882
9,68,99.99869618466548
9,69,99.99914684218741
9,70,99.99945794357261
9,71,99.99966703276776
9,72,99.99980318556315
9,73,99.99988864426838
9,74,99.99994006190356
9,75,99.99996953328281
9,76,99.99998550869726
9,77,99.99999362465189
9,78,99.99999744527581
9,79,99.99999908760813
9,80,99.99999971927441
9,81,99.99999992982984
9,82,99.99999998725404
9,83,99.99999999873889
9,84,100.00000000001498
10,10,0.00000165381716879
10,11,0.000018191988856690002
10,12,0.00010915193314029
10,13,0.00047299171027429004
10,14,0.00165547098596429
10,15,0.00496475914071429
10,16,0.013210967180504291
10,17,0.031893588464004294
10,18,0.07093056455240429
10,19,0.1469427579920043
10,20,0.28596290483700426
10,21,0.5262286362110042
10,22,0.9205020028250042
10,23,1.5371902117470042
10,24,2.459481093475004
10,25,3.781809262165004
10,26,5.603292115285004
10,27,8.018318741075005
10,28,11.105110059405005
10,29,14.913665710355005
10,30,19.454942921765003
10,31,24.693245428215004
10,32,30.543507076365003
10,33,36.874435034615004
10,34,43.517518343235004
10,35,50.280895707295
10,36,56.966198763145
10,37,63.385930353515
10,38,69.378888439875
10,39,74.82160516403499
10,40,79.634559998275
10,41,83.782868649515
10,42,87.27206816272499
10,43,90.14033625643499
10,44,92.448822073945
10,45,94.271726247235
10,46,95.687459826865
10,47,96.771743609895
10,48,97.59299107858699
10,49,98.209858925317
10,50,98.670558363423
10,51,99.013398107541
10,52,99.268034743392
10,53,99.45699688874899
10,54,99.59718476727
10,55,99.701185267933
10,56,99.7783429377653
10,57,99.8355896621035
10,58,99.8780680232915
10,59,99.9095934940876
10,60,99.93299671465181
10,61,99.9503771203816
10,62,99.9632911306099
10,63,99.97289195740804
10,64,99.98003353170358
10,65,99.98534775287604
10,66,99.98930193019133
10,67,99.99224158212694
10,68,99.99442237507787
10,69,99.99603394291789
10,70,99.99721757599478
10,71,99.9980792449406
10,72,99.99869907375172
10,73,99.99913814051645
10,74,99.99944330551472
10,75,99.99965061838773
10,76,99.9997877335703
10,77,99.99987566109108
10,78,99.99993009307177
10,79,99.99996246969054
10,80,99.99998087691384
10,81,99.99999081980899
10,82,99.99999588590016
10,83,99.99999829899296
10,84,99.9999993613408
10,85,99.99999978713066
10,86,99.99999993919847
10,87,99.99999998598857
10,88,99.99999999768609
10,89,99.99999999981291
10,90,100.0000000000256
11,11,2.75636194799e-7
11,12,0.000003307634337589
11,13,0.000021499623194289002
11,14,0.000100331574906689
11,15,0.000376243405899689
11,16,0.001203703262685689
11,17,0.003405255489905689
11,18,0.008717821569085689
11,19,0.020521390338985687
11,20,0.04493301805258569
11,21,0.0923175903610857
11,22,0.1791949032059857
11,23,0.33041007581298565
11,24,0.5812928463599856
11,25,0.9793846011799856
11,26,1.5851956852089857
11,27,2.4714172202839855
11,28,3.7200989044239856
11,29,5.417533580523986
11,30,7.646946163623985
11,31,10.479523135003985
11,32,13.964762496013986
11,33,18.121464989523986
11,34,22.930817705113988
11,35,28.332885752413986
11,36,34.227424085233984
11,37,40.47930005879398
11,38,46.928080879673985
11,39,53.400644440253984
11,40,59.72517279515398
11,41,65.74467973765398
11,42,71.32834189469398
11,43,76.37932012795397
11,44,80.83838777844397
11,45,84.68337671745397
11,46,87.92506356465397
11,47,90.60054686941396
11,48,92.76535936280396
11,49,94.48551318211396
11,50,95.83043362692396
11,51,96.86738967516396
11,52,97.65766831854697
11,53,98.25443080463496
11,54,98.70197301777696
11,55,99.03600529922396
11,56,99.28455968965996
11,57,99.46919045204996
11,58,99.60622237780996
11,59,99.70789459112595
11,60,99.78332735868224
11,61,99.83929601657914
11,62,99.88082799198725
11,63,99.91165269079464
11,64,99.93453640667875
11,65,99.95153065808074
11,66,99.96415636787884
11,67,99.97354057046876
11,68,99.98051798075964
11,69,99.9857065215043
11,70,99.98956351908927
11,71,99.99242752647113
11,72,99.99454944181522
11,73,99.99611563240862
11,74,99.99726505880687
11,75,99.99810188054634
11,76,99.99870465979131
11,77,99.99913301938723
11,78,99.99943242207898
11,79,99.99963759196565
11,80,99.99977498016133
11,81,99.99986457539453
11,82,99.9999212756314
11,83,99.99995596768638
11,84,99.99997640733669
11,85,99.99998795204819
11,86,99.99999417162154
11,87,99.99999734866897
11,88,99.99999887636557
11,89,99.99999956166322
11,90,99.9999998451332
11,91,99.99999995158066
11,92,99.99999998706315
11,93,99.999999997201
11,94,99.9999999995405
11,95,99.99999999993042
11,96,99.99999999996587
12,12,4.59393657998e-8
12,13,5.972117553967999e-7
12,14,0.0000041804822877768
12,15,0.0000209024114388768
12,16,0.00008360964575557681
12,17,0.00028422685620357684
12,18,0.0008517234984895769
12,19,0.002304142487619577
12,20,0.005720790940249577
12,21,0.013192905353189576
12,22,0.028516463179089575
12,23,0.05818166316958957
12,24,0.11268246655678957
12,25,0.20811163735528956
12,26,0.3679221724952896
12,27,0.6246326170212896
12,28,1.0211492220082896
12,29,1.6112998888782895
12,30,2.4591538063302893
12,31,3.636762692540289
12,32,5.22011911485029
12,33,7.283380249990289
12,34,9.89172154487029
12,35,13.09350801165029
12,36,16.91273337363029
12,37,21.34281302723029
12,38,26.34277584786029
12,39,31.83666224514029
12,40,37.71652548693029
12,41,43.84891800194029
12,42,50.08421699948029
12,43,56.267703301060294
12,44,62.251039979250294
12,45,67.9027577957103
12,46,73.1165465085803
12,47,77.8165283035003
12,48,81.9591728254603
12,49,85.5320090701503
12,50,88.5497079125103
12,51,91.0483822205903
12,52,93.0790510468803
12,53,94.70115183920029
12,54,95.97679916174029
12,55,96.96623477090328
12,56,97.72465012375629
12,57,98.30033780087929
12,58,98.73397126369329
12,59,99.05873027357029
12,60,99.30097423798529
12,61,99.48119996146929
12,62,99.61508174769529
12,63,99.71445979808328
12,64,99.78820350454089
12,65,99.84292250935249
12,66,99.88352852051159
12,67,99.91366668871099
12,68,99.9360407810259
12,69,99.9526557791546
12,70,99.96499808427289
12,71,99.97416926967465
12,72,99.98098541440638
12,73,99.9860509267291
12,74,99.98981343705242
12,75,99.99260461672696
12,76,99.99467050990063
12,77,99.99619403335097
12,78,99.99731161550365
12,79,99.99812544554761
12,80,99.99871243880712
12,81,99.99913075903287
12,82,99.99942454150757
12,83,99.99962731081425
12,84,99.9997644688641
12,85,99.99985513307372
12,86,99.99991352642081
12,87,99.99995005833084
12,88,99.99997218720992
12,89,99.99998512066561
12,90,99.99999238632842
12,91,99.99999629262784
12,92,99.99999829254992
12,93,99.9999992617902
12,94,99.9999997032122
12,95,99.99999989040802
12,96,99.99999996345255
12,97,99.999999989258
12,98,99.9999999973222
12,99,99.99999999947266
12,100,99.99999999993348
12,101,100.00000000000438
12,102,100.00000000001029
13,13,7.65656096663e-9
13,14,1.0719185353283e-7
13,15,8.0393890149583e-7
13,16,0.00000428767414131583
13,17,0.00001822261510061583
13,18,0.00006559375780111582
13,19,0.00020754001765511582
13,20,0.0005914642302981159
13,21,0.001544232639957116
13,22,0.003739566463577116
13,23,0.008478375385787116
13,24,0.018127948104687118
13,25,0.036766405281087114
13,26,0.0710676544256871
13,27,0.1314345513515871
13,28,0.2333411699625871
13,29,0.3987799631005871
13,30,0.6576330007185871
13,31,1.0487115573475871
13,32,1.6201533998785873
13,33,2.428852890270587
13,34,3.538644162430587
13,35,5.017072882910587
13,36,6.930774236700588
13,37,9.339704164580588
13,38,12.29071255369059
13,39,15.81115534253059
13,40,19.90336900839059
13,41,24.54083633207059
13,42,29.666737997120592
13,43,35.19531860143059
13,44,41.01613364707059
13,45,47.000844335640586
13,46,53.01186026074058
13,47,58.911863764350585
13,48,64.57313214794058
13,49,69.88562478560058
13,50,74.76300908045059
13,51,79.14612040266059
13,52,83.00372447347058
13,53,86.33080856318058
13,54,89.14491248580059
13,55,91.4811835418406
13,56,93.38688782530059
13,57,94.9160448605106
13,58,96.1247041238906
13,59,97.0671908266926
13,60,97.7934538990876
13,61,98.3474830784616
13,62,98.76664394355659
13,63,99.08171588087959
13,64,99.31740288041358
13,65,99.49310825388858
13,66,99.62380695985257
13,67,99.72089934027368
13,68,99.79297712814727
13,69,99.84647030036908
13,70,99.88616963054768
13,71,99.91563539383638
13,72,99.93750985389008
13,73,99.95375266953917
13,74,99.96581670920887
13,75,99.97477881854661
13,76,99.981436958142
13,77,99.9863823624133
13,78,99.99005315635935
13,79,99.99277418987556
13,80,99.99478660967866
13,81,99.99626977663777
13,82,99.9973574670221
13,83,99.99814980562326
13,84,99.9987220185338
13,85,99.99913082742721
13,86,99.99941910868156
13,87,99.99961928995052
13,88,99.99975583983351
13,89,99.99984711411723
13,90,99.99990674909246
13,91,99.99994473533651
13,92,99.99996826192887
13,93,99.99998238961706
13,94,99.99999059019362
13,95,99.999995176194
13,96,99.99999763781774
13,97,99.99999890067177
13,98,99.9999995167768
13,99,99.99999980090551
13,100,99.9999999238526
13,101,99.99999997330615
13,102,99.99999999157221
13,103,99.99999999766516
13,104,99.9999999994572
13,105,99.99999999990521
13,106,99.99999999999481
13,107,100.00000000000762
13,108,100.0000000000086
14,14,1.27609349444e-9
14,15,1.9141402416539998e-8
14,16,1.5313121933254e-7
14,17,8.677435762175399e-7
14,18,0.00000390484609297754
14,19,0.000014837139059877539
14,20,0.00004942586590887754
14,21,0.00014798537231627753
14,22,0.0004052234891592775
14,23,0.0010277699540662776
14,24,0.0024377954158462775
14,25,0.005448187806996277
14,26,0.011541332017566276
14,27,0.023287363716766277
14,28,0.04493575016866627
14,29,0.08320268408526627
14,30,0.14825294870446626
14,31,0.2548371241404663
14,32,0.4234946494854663
14,33,0.6816756070614662
14,34,1.0645786635484662
14,35,1.615462495626466
14,36,2.385177982260466
14,37,3.430701521590466
14,38,4.812533622800466
14,39,6.590960148440466
14,40,8.821343890480467
14,41,11.548798031470467
14,42,14.802758606330467
14,43,18.592085899730467
14,44,22.901354972540467
14,45,27.688925154770466
14,46,32.88720665362047
14,47,38.40528852901047
14,48,44.13379310105047
14,49,49.95152545952047
14,50,55.73324315688047
14,51,61.35772239578047
14,52,66.71526840695047
14,53,71.71391244241048
14,54,76.28373657555048
14,55,80.37903329853047
14,56,83.97829309124047
14,57,87.08227288205048
14,58,89.71059362503047
14,59,91.89742356677047
14,60,93.68682061069048
14,61,95.12824417957047
14,62,96.27262743567047
14,63,97.16925345537948
14,64,97.86353195877447
14,65,98.39564841819548
14,66,98.79996798939447
14,67,99.10502683285547
14,68,99.33392954315747
14,69,99.50498507392247
14,70,99.63244414383747
14,71,99.72723860219307
14,72,99.79765979218436
14,73,99.84994360785726
14,74,99.88875249606815
14,75,99.91755909291174
14,76,99.93894384594134
14,77,99.95482173387374
14,78,99.96661289530324
14,79,99.97537011238147
14,80,99.9818736991042
14,81,99.98670201584916
14,82,99.9902838421977
14,83,99.99293726034438
14,84,99.99489850087937
14,85,99.99634331124179
14,86,99.99740275083373
14,87,99.99817483400088
14,88,99.99873308621966
14,89,99.99913281502155
14,90,99.99941569977055
14,91,99.99961315486365
14,92,99.99974880618187
14,93,99.99984033172309
14,94,99.99990084833418
14,95,99.99993997339419
14,96,99.99996465040698
14,97,99.99997979852786
14,98,99.99998882608374
14,99,99.99999403522506
14,100,99.99999693710646
14,101,99.99999849271629
14,102,99.99999929223497
14,103,99.99999968452738
14,104,99.9999998673596
14,105,99.99999994780634
14,106,99.99999998097296
14,107,99.99999999366332
14,108,99.99999999811357
14,109,99.99999999951963
14,110,99.9999999999102
14,111,100.0000000000021
14,112,100.00000000001934
14,113,100.00000000002164
14,114,100.00000000002181
15,15,2.12682249073e-10
15,16,3.4029159851729997e-9
15,17,2.8924785873973e-8
15,18,1.73548715243973e-7
15,19,8.24356397407973e-7
15,20,0.000003297212907377973
15,21,0.000011534644543267972
15,22,0.00003619568302886798
15,23,0.00010370740935216798
15,24,0.000274857777767168
15,25,0.000680506206060168
15,26,0.001586064650716168
15,27,0.003501382342656168
15,28,0.007357945400066168
15,29,0.014779699846666168
15,30,0.02847551886856617
15,31,0.05277804441666617
15,32,0.09434286713886617
15,33,0.16300175338346617
15,34,0.2727331272744662
15,35,0.4426736128374662
15,36,0.6980502480944661
15,37,1.070871087020466
15,38,1.600181819928466
15,39,2.331688315480466
15,40,3.316569072375466
15,41,4.609363276865466
15,42,6.264919199505465
15,43,8.334515970185466
15,44,10.861413366545467
15,45,13.876216924835466
15,46,17.392544425895466
15,47,21.403521553085465
15,48,25.879603302675463
15,49,30.768109051795463
15,50,35.99468231175546
15,51,41.46666367581546
15,52,47.07812988264546
15,53,52.716140174865465
15,54,58.267577493765465
15,55,63.625901406175466
15,56,68.69715271267546
15,57,73.40466103506546
15,58,77.69208611610546
15,59,81.52464031911546
15,60,84.88855883983547
15,61,87.78907284568547
15,62,90.24727465918546
15,63,92.29633038325547
15,64,93.97749381214547
15,65,95.33631686776546
15,66,96.41935434300547
15,67,97.27154557279047
15,68,97.93434268167147
15,69,98.44455969958547
15,70,98.83384830267546
15,71,99.12866700018546
15,72,99.35059869751846
15,73,99.51688066465046
15,74,99.64103346048445
15,75,99.73350395263626
15,76,99.80226628913445
15,77,99.85334957281844
15,78,99.89128009476525
15,79,99.91943894528505
15,80,99.94034336270575
15,81,99.95586356321175
15,82,99.96738738370135
15,83,99.97594404974407
15,84,99.98229663748917
15,85,99.98701090508519
15,86,99.99050643822856
15,87,99.99309461351682
15,88,99.99500674987543
15,89,99.99641495721242
15,90,99.99744754965862
15,91,99.99820041614048
15,92,99.99874539007746
15,93,99.99913639930215
15,94,99.99941398225585
15,95,99.99960860927493
15,96,99.99974313567037
15,97,99.99983462744311
15,98,99.99989573472048
15,99,99.99993573803746
15,100,99.9999613552878
15,101,99.99997737008317
15,102,99.99998712330353
15,103,99.99999289694152
15,104,99.99999621127478
15,105,99.99999805148742
15,106,99.99999903691764
15,107,99.99999954422873
15,108,99.99999979438657
15,109,99.999999912033
15,110,99.99999996453171
15,111,99.99999998662348
15,112,99.99999999532277
15,113,99.99999999849716
15,114,99.99999999955688
15,115,99.99999999987492
15,116,99.9999999999586
15,117,99.9999999999772
15,118,99.99999999998049
15,119,99.9999999999809
15,120,99.99999999998093
16,16,3.54470415122e-11
16,17,6.025997057071999e-10
16,18,5.4233973513672e-9
16,19,3.43481832252672e-8
16,20,1.7174091612626722e-7
16,21,7.212764006892673e-7
16,22,0.000002643681710859267
16,23,0.000008675728396349266
16,24,0.000025955475824049265
16,25,0.00007173618066604927
16,26,0.00018501648894304928
16,27,0.0004488110619110493
16,28,0.0010304523449300492
16,29,0.002250743964440049
16,30,0.004696742703990049
16,31,0.00939685288579005
16,32,0.01807977592089005
16,33,0.03353924300229005
16,34,0.060122638175790055
16,35,0.10435183515479005
16,36,0.17566748731989004
16,37,0.28726327552389
16,38,0.45694544929089004
16,39,0.70791860808889
16,40,1.06936636843789
16,41,1.57667235928789
16,42,2.27112063662589
16,43,3.1989321285278898
16,44,4.40953960905789
16,45,5.95307820015789
16,46,7.87716630171789
16,47,10.22316219396789
16,48,13.022188573337889
16,49,16.291302590527888
16,50,20.03023477079789
16,51,24.21911292833789
16,52,28.817520720167888
16,53,33.765118296297885
16,54,38.983888066597885
16,55,44.381883765117884
16,56,49.85818249084788
16,57,55.30859422433788
16,58,60.631593784217884
16,59,65.73391982312788
16,60,70.53533651383788
16,61,74.97216673818788
16,62,78.99936197810788
16,63,82.59104896919789
16,64,85.73966052722788
16,65,88.45389514323789
16,66,90.75584123467789
16,67,92.67764048520789
16,68,94.25805260638789
16,69,95.53923061013789
16,70,96.5639354961879
16,71,97.37332791127689
16,72,98.00538626667989
16,73,98.4939269924319
16,74,98.86814950774189
16,75,99.15259797087789
16,76,99.36742201305289
16,77,99.52882501079588
16,78,99.64960543956788
16,79,99.73971900577558
16,80,99.80681205254798
16,81,99.85669703625149
16,82,99.89375697134739
16,83,99.9212771537752
16,84,99.94170956659609
16,85,99.95687899038339
16,86,99.96814098368338
16,87,99.97650149627052
16,88,99.98270667132135
16,89,99.98730989901703
16,90,99.99072171692842
16,91,99.99324686895666
16,92,99.99511178746587
16,93,99.99648494610736
16,94,99.99749191040492
16,95,99.99822644913499
16,96,99.99875872447875
16,97,99.99914132214738
16,98,99.99941369069782
16,99,99.99960541480499
16,100,99.99973863792754
16,101,99.99982986676619
16,102,99.9998913269009
16,103,99.99993199150641
16,104,99.99995836975614
16,105,99.99997511584853
16,106,99.99998550142352
16,107,99.99999178169516
16,108,99.99999547738608
16,109,99.99999758923325
16,110,99.99999875841516
16,111,99.99999938395798
16,112,99.99999970648066
16,113,99.99999986621485
16,114,99.99999994192626
16,115,99.99999997612132
16,116,99.99999999076164
16,117,99.99999999666612
16,118,99.99999999889174
16,119,99.99999999966802
16,120,99.99999999991532
16,121,99.99999999998599
16,122,100.00000000000365
16,123,100.00000000000738
16,124,100.000000000008
16,125,100.00000000000807
16,126,100.00000000000807
17,17,5.90784025203e-12
17,18,1.0634112453603e-10
17,19,1.01024068309603e-9
17,20,6.73493788731603e-9
17,21,3.535842390841603e-8
17,22,1.5557115735641603e-7
17,23,5.96178867992416e-7
17,24,0.000002042033167432416
17,25,0.000006367041905222416
17,26,0.000018317347319022414
17,27,0.00004912480532352241
17,28,0.00012380643624192243
17,29,0.00029510788011192243
17,30,0.0006687859194519225
17,31,0.0014472504574799224
17,32,0.0030014365749999224
17,33,0.0059838964803199226
17,34,0.011498968470379923
17,35,0.021347666108839924
17,36,0.03836451464053993
17,37,0.06685963874313994
17,38,0.11317070918283995
17,39,0.18631498807793995
17,40,0.29871154892593993
17,41,0.4669188373029399
17,42,0.7123055913249399
17,43,1.0615477828759399
17,44,1.54682592504294
17,45,2.20559161833694
17,46,3.07978488368194
17,47,4.21441820589194
17,48,5.65549984500194
17,49,7.447344501121941
17,50,9.62940624479194
17,51,12.23285543841194
17,52,15.27719455977194
17,53,18.76725362951194
17,54,22.690912979901942
17,55,27.017862895441944
17,56,31.699626424541943
17,57,36.67095104455194
17,58,41.85253126055194
17,59,47.15487677122194
17,60,52.48301035902195
17,61,57.741585100231944
17,62,62.839965595741944
17,63,67.69682884362194
17,64,72.24390463443194
17,65,76.42858242493195
17,66,80.21524497828194
17,67,83.58532909842195
17,68,86.53624138959195
17,69,89.07935649430195
17,70,91.23738676779195
17,71,93.04143259595195
17,72,94.52800472396194
17,73,95.73626222929194
17,74,96.70564331382994
17,75,97.47399279738895
17,76,98.07622069084594
17,77,98.54346844365695
17,78,98.90271796024395
17,79,99.17675448905895
17,80,99.38438649128295
17,81,99.54083024875095
17,82,99.65818009297995
17,83,99.74590258602905
17,84,99.81131127652554
17,85,99.85999529769694
17,86,99.89618862846494
17,87,99.92307678365424
17,88,99.94304419365744
17,89,99.95786914365314
17,90,99.96887460119345
17,91,99.97704329291551
17,92,99.98310460601105
17,93,99.9875997399748
17,94,99.9909303149476
17,95,99.99339452146154
17,96,99.9952139464812
17,97,99.99655344773959
17,98,99.9975358566047
17,99,99.99825284047668
17,100,99.99877291859295
17,101,99.99914737318005
17,102,99.99941460945192
17,103,99.99960337652227
17,104,99.99973515474878
17,105,99.99982593459184
17,106,99.99988755143244
17,107,99.99992869534843
17,108,99.99995568116992
17,109,99.99997303958412
17,110,99.9999839725386
17,111,99.99999070398177
17,112,99.99999474866668
17,113,99.9999971161762
17,114,99.99999846359616
17,115,99.99999920768619
17,116,99.99999960550086
17,117,99.99999981089194
17,118,99.99999991300996
17,119,99.99999996174513
17,120,99.99999998398732
17,121,99.99999999365217
17,122,99.99999999762962
17,123,99.99999999916996
17,124,99.99999999972684
17,125,99.99999999991289
17,126,99.99999999996956
17,127,99.99999999998502
17,128,99.9999999999887
17,129,99.99999999998944
17,130,99.99999999998956
17,131,99.99999999998957
17,132,99.99999999998957
18,18,9.84640042005e-13
18,19,1.8708160798105e-11
18,20,1.87081607981105e-10
18,21,1.3095712558711051e-9
18,22,7.202641907271105e-9
18,23,3.313116813337111e-8
18,24,1.324933281588711e-7
18,25,4.7281446587687107e-7
18,26,0.0000015338197432968713
18,27,0.000004585588473486872
18,28,0.000012767162956756872
18,29,0.000033375640470856876
18,30,0.00008246092401145687
18,31,0.00019358490505845687
18,32,0.0004337321409874569
18,33,0.0009309186789344569
18,34,0.0019200472914344571
18,35,0.003815907630454457
18,36,0.007324667335244457
18,37,0.013607288788764457
18,38,0.024509353503064456
18,39,0.042870898937764454
18,40,0.07292608087066446
18,41,0.12079484427986446
18,42,0.19505670614556447
18,43,0.3073802189265645
18,44,0.4731615762825645
18,45,0.7121041122595645
18,46,1.0486502173025645
18,47,1.5121624397625646
18,48,2.1367456678615646
18,49,2.9606113768085645
18,50,4.024910829848564
18,51,5.372007549808564
18,52,7.043218186488564
18,53,9.076119799168563
18,54,11.501592369768563
18,55,14.340827892248562
18,56,17.602580957968563
18,57,21.280950987928563
18,58,25.353966922288564
18,59,29.783189705748562
18,60,34.51446022936856
18,61,39.47980979255856
18,62,44.60043016001856
18,63,49.79048668854856
18,64,54.961466321728565
18,65,60.02669521737857
18,66,64.90564615965857
18,67,69.52768526286857
18,68,73.83497592922858
18,69,77.78435522819858
18,70,81.34810983664858
18,71,84.51369019220857
18,72,87.28249855404857
18,73,89.66795851165857
18,74,91.69311403346858
18,75,93.38801435417858
18,76,94.78712040469858
18,77,95.92692605853858
18,78,96.84393203315658
18,79,97.57305090587158
18,80,98.14646628249959
18,81,98.59292347874158
18,82,98.93739638730158
18,83,99.20105628765657
18,84,99.40146197805157
18,85,99.55289419743157
18,86,99.66676766553756
18,87,99.75206802173446
18,88,99.81577577755166
18,89,99.86325312766456
18,90,99.89858088726857
18,91,99.92484144137987
18,92,99.94434944058297
18,93,99.95883543684067
18,94,99.96958926289408
18,95,99.9775702831091
18,96,99.9834911794105
18,97,99.98788107029179
18,98,99.99113276276248
18,99,99.99353797119475
18,100,99.99531348794507
18,101,99.99662058855263
18,102,99.99757939717239
18,103,99.9982795076675
18,104,99.99878782913129
18,105,99.99915437882197
18,106,99.9994165611745
18,107,99.99960233331441
18,108,99.99973255367581
18,109,99.99982273229548
18,110,99.9998843428058
18,111,99.99992581243744
18,112,99.99995327400242
18,113,99.99997114020813
18,114,99.99998254367942
18,115,99.99998967408379
18,116,99.99999403543414
18,117,99.99999664092785
18,118,99.99999815874621
18,119,99.9999990194701
18,120,99.99999949373158
18,121,99.9999997471301
18,122,99.99999987812444
18,123,99.99999994347924
18,124,99.99999997485891
18,125,99.99999998931172
18,126,99.99999999567301
18,127,99.99999999833672
18,128,99.99999999939219
18,129,99.99999999978537
18,130,99.99999999992195
18,131,99.99999999996574
18,132,99.99999999997851
18,133,99.99999999998185
18,134,99.9999999999826
18,135,99.99999999998275
18,136,99.99999999998278
18,137,99.99999999998278
18,138,99.99999999998278
19,19,1.64106673667e-13
19,20,3.2821334733469998e-12
19,21,3.4462401470147e-11
19,22,2.52724277448147e-10
19,23,1.453164595328147e-9
19,24,6.975025950888147e-9
19,25,2.9057083203988146e-8
19,26,1.0785637615668815e-7
19,27,3.634618197716882e-7
19,28,0.000001127508303476688
19,29,0.0000032541683559466883
19,30,0.000008811253239736688
19,31,0.00002253265835363669
19,32,0.00005471800678583669
19,33,0.00012675106032663668
19,34,0.0002811399087366367
19,35,0.0005990199301496367
19,36,0.0012294419284806367
19,37,0.0024364763303506365
19,38,0.004672093644300637
19,39,0.008684697204640636
19,40,0.015674693914430635
19,41,0.027509032844330636
19,42,0.047005522285930634
19,43,0.07829419542103064
19,44,0.12725635044393063
19,45,0.20203172090713062
19,46,0.3135705897941306
19,47,0.4761912791991306
19,48,0.7080858784461306
19,49,1.0317007053981306
19,50,1.4739058983781306
19,51,2.0658641073061306
19,52,2.8425146802311305
19,53,3.8416093417621306
19,54,5.10226890166213
19,55,6.663076685312131
19,56,8.55977943789213
19,57,10.82272445925213
19,58,13.47421503227213
19,59,16.526006488242132
19,60,19.977184806002132
19,61,23.812662782602132
19,62,28.00249309932213
19,63,32.50213463299213
19,64,37.25372391643213
19,65,42.18830714967213
19,66,47.22889140161213
19,67,52.29408905666213
19,68,57.30206830171213
19,69,62.174492596582134
19,70,66.84013735319213
19,71,71.23791127234213
19,72,75.31907710148214
19,73,79.04855250055213
19,74,82.40526470868214
19,75,85.38162105939215
19,76,87.98223091372215
19,77,90.22206600840215
19,78,92.12427198612215
19,79,93.71784423264215
19,80,95.03535963168216
19,81,96.11091833985216
19,82,96.97840319394616
19,83,97.67011585771417
19,84,98.21580422923417
19,85,98.64205922005017
19,86,98.97203310197717
19,87,99.22541666581718
19,88,99.41860742298317
19,89,99.56500398802517
19,90,99.67537012802617
19,91,99.75822327956237
19,92,99.82021448688717
19,93,99.86647811606137
19,94,99.90093935191237
19,95,99.92657493280277
19,96,99.94562779204357
19,97,99.95977950740057
19,98,99.97028611221927
19,99,99.97808333258251
19,100,99.9838670883082
19,101,99.98815445915004
19,102,99.99132951005728
19,103,99.99367754635094
19,104,99.99541061924688
19,105,99.99668646364168
19,106,99.99762253157955
19,107,99.99830637711779
19,108,99.99880333457808
19,109,99.99916219399532
19,110,99.99941939809997
19,111,99.99960215037906
19,112,99.99973072264831
19,113,99.9998201747863
19,114,99.9998816426019
19,115,99.9999233076025
19,116,99.99995113123389
19,117,99.9999694133386
19,118,99.999981218087
19,119,99.99998869887763
19,120,99.99999334542129
19,121,99.99999617042998
19,122,99.99999784927104
19,123,99.99999882305276
19,124,99.99999937347799
19,125,99.99999967616344
19,126,99.99999983780371
19,127,99.99999992146061
19,128,99.99999996332838
19,129,99.99999998353967
19,130,99.99999999292402
19,131,99.99999999710118
19,132,99.99999999887686
19,133,99.99999999959444
19,134,99.99999999986862
19,135,99.99999999996702
19,136,99.99999999999991
19,137,100.00000000001005
19,138,100.00000000001289
19,139,100.0000000000136
19,140,100.00000000001376
19,141,100.00000000001378
19,142,100.00000000001378
19,143,100.00000000001378
19,144,100.00000000001378
20,20,2.73511122779e-14
20,21,5.743733578359e-13
20,22,6.3181069361959e-12
20,23,4.84388198441959e-11
20,24,2.906329190651959e-10
20,25,1.4531372442151957e-9
20,26,6.2959570937751956e-9
20,27,2.4271472764275196e-8
20,28,8.48426989926752e-8
20,29,2.727186288596752e-7
20,30,8.148378274186752e-7
20,31,0.000002282217529718675
20,32,0.000006032817741458675
20,33,0.000015134509476398675
20,34,0.00003619910922749868
20,35,0.00008286784263309868
20,36,0.00018216213626539869
20,37,0.0003856005821393987
20,38,0.0007879245274723986
20,39,0.0015574871337253986
20,40,0.0029838114911153986
20,41,0.005549403825395399
20,42,0.010034405977755399
20,43,0.0176637527039854
20,44,0.0303067058857854
20,45,0.0507374153523854
20,46,0.0829619193027854
20,47,0.1326112352826854
20,48,0.20739160967518538
20,49,0.3175716690351854
20,50,0.4764727540311854
20,51,0.7009143453531854
20,52,1.0115530764201854
20,53,1.4330437581601854
20,54,1.9939467685871852
20,55,2.7263106057901854
20,56,3.6648732691101853
20,57,4.845852192360185
20,58,6.305328917680185
20,59,8.077278976350186
20,60,10.191345167430185
20,61,12.670497818150185
20,62,15.528762167700185
20,63,18.769214444600184
20,64,22.382449473560186
20,65,26.345700954250187
20,66,30.62275106449019
20,67,35.16470216376019
20,68,39.91160654277019
20,69,44.794869076500184
20,70,49.740262070430184
20,71,54.671330976560185
20,72,59.51293166367019
20,73,64.19462928032019
20,74,68.65370652097019
20,75,72.83757258880019
20,76,76.70542733260018
20,77,80.22910959269018
20,78,83.39313538203018
20,79,86.19400119614018
20,80,88.63888315149018
20,81,90.74389897199018
20,82,92.53211518540017
20,83,94.03147723210017
20,84,95.27281887365017
20,85,96.28807424750016
20,86,97.10877674540116
20,87,97.76488899045016
20,88,98.28397204477716
20,89,98.69067274961616
20,90,99.00648743800116
20,91,99.24974842113316
20,92,99.43577576438516
20,93,99.57713932853716
20,94,99.68398290357815
20,95,99.76437155839976
20,96,99.82463338252946
20,97,99.86967632653236
20,98,99.90326903117206
20,99,99.92828096872736
20,100,99.94688183814756
20,101,99.96070312754686
20,102,99.97096638193807
20,103,99.97858333494035
20,104,99.98423300809874
20,105,99.98842042593668
20,106,99.99152094777988
20,107,99.99381352165844
20,108,99.9955055079864
20,109,99.99675114540652
20,110,99.99766525334725
20,111,99.99833338315611
20,112,99.99881933094568
20,113,99.99917069612381
20,114,99.99942299573523
20,115,99.99960271373921
20,116,99.99972956600708
20,117,99.99981818819606
20,118,99.99987939868932
20,119,99.9999211479291
20,120,99.99994923527767
20,121,99.99996785241423
20,122,99.99997999621881
20,123,99.99998778255834
20,124,99.99999268417736
20,125,99.99999571007585
20,126,99.99999753962348
20,127,99.99999862168721
20,128,99.99999924685898
20,129,99.99999959920187
20,130,99.99999979261636
20,131,99.99999989585737
20,132,99.999999949347
20,133,99.99999997619253
20,134,99.99999998921483
20,135,99.99999999530488
20,136,99.99999999804277
20,137,99.99999999922208
20,138,99.9999999997069
20,139,99.99999999989625
20,140,99.99999999996611
20,141,99.9999999999903
20,142,99.99999999999808
20,143,100.0000000000004
20,144,100.00000000000102
20,145,100.00000000000118
20,146,100.00000000000121
20,147,100.00000000000121
20,148,100.00000000000121
20,149,100.00000000000121
20,150,100.00000000000121
